arm_num	unique_event_name	form
1	ae_sae_arm_1	ae_sae_form_imd_within_ce_label
1	ae_sae_arm_1	device_deficiency_dd_form
1	dagboek_arm_1	e45a_dagboek_2wk
1	deviatie_arm_1	deviation_serious_breach_log_capa
1	einde_arm_1	end_of_trial
1	screening_arm_1	e01_screening
1	ulcus_arm_1	e36_pedis
1	ulcus_arm_1	e38_wifi
1	ulcus_arm_1	e47_ulcus_vervolg
1	visite_0_arm_1	eligibility
1	visite_0_arm_1	randomization
1	visite_1_arm_1	concomitant_therapy
1	visite_1_arm_1	demographics
1	visite_1_arm_1	e07_med_voorgeschiedenis
1	visite_1_arm_1	e08_voet_schoeisel
1	visite_1_arm_1	e09_drukmeting_baseline
1	visite_1_arm_1	e10_voorschrift_cmfo
1	visite_1_arm_1	e12_vas_tevredenheid
1	visite_1_arm_1	e13_gebruik_schoeisel
1	visite_1_arm_1	e14_naff
1	visite_1_arm_1	e15_hls_eu_6
1	visite_1_arm_1	e20_udi_movemonitor
1	visite_1_arm_1	e21_eq5d5l
1	visite_1_arm_1	e45_dagboek_baseline
1	visite_1_arm_1	visit
1	visite_2_arm_1	concomitant_therapy
1	visite_2_arm_1	e23_aanpassing_cmfo
1	visite_2_arm_1	e24_drukmeting_uc
1	visite_2_arm_1	e25_udi_orthotimer
1	visite_2_arm_1	e26_overtuigingen
1	visite_2_arm_1	e27_udi_movemonitor_retour
1	visite_2_arm_1	visit
1	visite_3_arm_1	concomitant_therapy
1	visite_3_arm_1	e08_voet_schoeisel
1	visite_3_arm_1	e21_eq5d5l
1	visite_3_arm_1	e25_udi_orthotimer
1	visite_3_arm_1	e31_therapietrouw
1	visite_3_arm_1	e33_vervanging
1	visite_3_arm_1	e34_imcq
1	visite_3_arm_1	e35_ipcq
1	visite_3_arm_1	e45b_dagboek_3mnd
1	visite_3_arm_1	visit
1	visite_4_arm_1	concomitant_therapy
1	visite_4_arm_1	e08_voet_schoeisel
1	visite_4_arm_1	e20_udi_movemonitor
1	visite_4_arm_1	e21_eq5d5l
1	visite_4_arm_1	e24_drukmeting_uc
1	visite_4_arm_1	e25_udi_orthotimer
1	visite_4_arm_1	e27_udi_movemonitor_retour
1	visite_4_arm_1	e31_therapietrouw
1	visite_4_arm_1	e33_vervanging
1	visite_4_arm_1	e34_imcq
1	visite_4_arm_1	e35_ipcq
1	visite_4_arm_1	e45b_dagboek_3mnd
1	visite_4_arm_1	visit
1	visite_5_arm_1	concomitant_therapy
1	visite_5_arm_1	e08_voet_schoeisel
1	visite_5_arm_1	e21_eq5d5l
1	visite_5_arm_1	e25_udi_orthotimer
1	visite_5_arm_1	e31_therapietrouw
1	visite_5_arm_1	e33_vervanging
1	visite_5_arm_1	e34_imcq
1	visite_5_arm_1	e35_ipcq
1	visite_5_arm_1	e45b_dagboek_3mnd
1	visite_5_arm_1	visit
1	visite_6_arm_1	concomitant_therapy
1	visite_6_arm_1	e08_voet_schoeisel
1	visite_6_arm_1	e21_eq5d5l
1	visite_6_arm_1	e24_drukmeting_uc
1	visite_6_arm_1	e25_udi_orthotimer
1	visite_6_arm_1	e31_therapietrouw
1	visite_6_arm_1	e33_vervanging
1	visite_6_arm_1	e34_imcq
1	visite_6_arm_1	e35_ipcq
1	visite_6_arm_1	e45b_dagboek_3mnd
1	visite_6_arm_1	visit
1	visite_7_arm_1	concomitant_therapy
1	visite_7_arm_1	e08_voet_schoeisel
1	visite_7_arm_1	e21_eq5d5l
1	visite_7_arm_1	e25_udi_orthotimer
1	visite_7_arm_1	e31_therapietrouw
1	visite_7_arm_1	e33_vervanging
1	visite_7_arm_1	e34_imcq
1	visite_7_arm_1	e35_ipcq
1	visite_7_arm_1	e45b_dagboek_3mnd
1	visite_7_arm_1	visit
1	visite_8_arm_1	concomitant_therapy
1	visite_8_arm_1	e08_voet_schoeisel
1	visite_8_arm_1	e12_vas_tevredenheid
1	visite_8_arm_1	e21_eq5d5l
1	visite_8_arm_1	e24_drukmeting_uc
1	visite_8_arm_1	e25_udi_orthotimer
1	visite_8_arm_1	e31_therapietrouw
1	visite_8_arm_1	e33_vervanging
1	visite_8_arm_1	e34_imcq
1	visite_8_arm_1	e35_ipcq
1	visite_8_arm_1	e45b_dagboek_3mnd
1	visite_8_arm_1	visit
2	ae_sae_arm_2	ae_sae_form_imd_within_ce_label
2	ae_sae_arm_2	device_deficiency_dd_form
2	dagboek_arm_2	e45a_dagboek_2wk
2	deviatie_arm_2	deviation_serious_breach_log_capa
2	einde_arm_2	end_of_trial
2	screening_arm_2	e01_screening
2	ulcus_arm_2	e36_pedis
2	ulcus_arm_2	e38_wifi
2	ulcus_arm_2	e47_ulcus_vervolg
2	visite_0_arm_2	eligibility
2	visite_0_arm_2	randomization
2	visite_1_arm_2	concomitant_therapy
2	visite_1_arm_2	demographics
2	visite_1_arm_2	e07_med_voorgeschiedenis
2	visite_1_arm_2	e08_voet_schoeisel
2	visite_1_arm_2	e09_drukmeting_baseline
2	visite_1_arm_2	e10_voorschrift_cmfo
2	visite_1_arm_2	e12_vas_tevredenheid
2	visite_1_arm_2	e13_gebruik_schoeisel
2	visite_1_arm_2	e14_naff
2	visite_1_arm_2	e15_hls_eu_6
2	visite_1_arm_2	e18_logboek_educatie
2	visite_1_arm_2	e20_udi_movemonitor
2	visite_1_arm_2	e21_eq5d5l
2	visite_1_arm_2	e45_dagboek_baseline
2	visite_1_arm_2	visit
2	visite_2_arm_2	concomitant_therapy
2	visite_2_arm_2	e23_aanpassing_cmfo
2	visite_2_arm_2	e24_drukherverdeling_oc
2	visite_2_arm_2	e25_udi_orthotimer
2	visite_2_arm_2	e26_overtuigingen
2	visite_2_arm_2	e27_udi_movemonitor_retour
2	visite_2_arm_2	e28_activiteitenprofiel
2	visite_2_arm_2	e29_teach_back
2	visite_2_arm_2	visit
2	visite_3_arm_2	concomitant_therapy
2	visite_3_arm_2	e08_voet_schoeisel
2	visite_3_arm_2	e21_eq5d5l
2	visite_3_arm_2	e25_udi_orthotimer
2	visite_3_arm_2	e31_therapietrouw
2	visite_3_arm_2	e32_feedback_therapietrouw
2	visite_3_arm_2	e33_vervanging
2	visite_3_arm_2	e34_imcq
2	visite_3_arm_2	e35_ipcq
2	visite_3_arm_2	e45b_dagboek_3mnd
2	visite_3_arm_2	visit
2	visite_4_arm_2	concomitant_therapy
2	visite_4_arm_2	e08_voet_schoeisel
2	visite_4_arm_2	e20_udi_movemonitor
2	visite_4_arm_2	e21_eq5d5l
2	visite_4_arm_2	e24_drukherverdeling_oc
2	visite_4_arm_2	e25_udi_orthotimer
2	visite_4_arm_2	e27_udi_movemonitor_retour
2	visite_4_arm_2	e31_therapietrouw
2	visite_4_arm_2	e32_feedback_therapietrouw
2	visite_4_arm_2	e33_vervanging
2	visite_4_arm_2	e34_imcq
2	visite_4_arm_2	e35_ipcq
2	visite_4_arm_2	e45b_dagboek_3mnd
2	visite_4_arm_2	visit
2	visite_5_arm_2	concomitant_therapy
2	visite_5_arm_2	e08_voet_schoeisel
2	visite_5_arm_2	e21_eq5d5l
2	visite_5_arm_2	e25_udi_orthotimer
2	visite_5_arm_2	e31_therapietrouw
2	visite_5_arm_2	e32_feedback_therapietrouw
2	visite_5_arm_2	e33_vervanging
2	visite_5_arm_2	e34_imcq
2	visite_5_arm_2	e35_ipcq
2	visite_5_arm_2	e45b_dagboek_3mnd
2	visite_5_arm_2	visit
2	visite_6_arm_2	concomitant_therapy
2	visite_6_arm_2	e08_voet_schoeisel
2	visite_6_arm_2	e21_eq5d5l
2	visite_6_arm_2	e24_drukherverdeling_oc
2	visite_6_arm_2	e25_udi_orthotimer
2	visite_6_arm_2	e31_therapietrouw
2	visite_6_arm_2	e32_feedback_therapietrouw
2	visite_6_arm_2	e33_vervanging
2	visite_6_arm_2	e34_imcq
2	visite_6_arm_2	e35_ipcq
2	visite_6_arm_2	e45b_dagboek_3mnd
2	visite_6_arm_2	visit
2	visite_7_arm_2	concomitant_therapy
2	visite_7_arm_2	e08_voet_schoeisel
2	visite_7_arm_2	e21_eq5d5l
2	visite_7_arm_2	e25_udi_orthotimer
2	visite_7_arm_2	e31_therapietrouw
2	visite_7_arm_2	e32_feedback_therapietrouw
2	visite_7_arm_2	e33_vervanging
2	visite_7_arm_2	e34_imcq
2	visite_7_arm_2	e35_ipcq
2	visite_7_arm_2	e45b_dagboek_3mnd
2	visite_7_arm_2	visit
2	visite_8_arm_2	concomitant_therapy
2	visite_8_arm_2	e08_voet_schoeisel
2	visite_8_arm_2	e12_vas_tevredenheid
2	visite_8_arm_2	e21_eq5d5l
2	visite_8_arm_2	e24_drukherverdeling_oc
2	visite_8_arm_2	e25_udi_orthotimer
2	visite_8_arm_2	e31_therapietrouw
2	visite_8_arm_2	e32_feedback_therapietrouw
2	visite_8_arm_2	e33_vervanging
2	visite_8_arm_2	e34_imcq
2	visite_8_arm_2	e35_ipcq
2	visite_8_arm_2	e45b_dagboek_3mnd
2	visite_8_arm_2	visit
